pos,player,stat,family_used,games_train,games_test,projection_total,p10,p50,p90,actual,inside_p10_p90
QB,Patrick Mahomes,passing_yards,skewnorm,50,16,4484.72,4140.72,4481.18,4842.78,3928.0,False
QB,Patrick Mahomes,passing_tds,poisson,50,16,32.04,25.0,32.0,40.0,26.0,True
QB,Patrick Mahomes,passing_interceptions,poisson,50,16,12.84,8.0,13.0,17.0,11.0,True
QB,Patrick Mahomes,rushing_yards,skewnorm,50,16,367.3,274.07,366.2,471.19,307.0,True
QB,Patrick Mahomes,rushing_tds,poisson,50,16,1.51,0.0,1.0,3.0,2.0,True
QB,Josh Allen,passing_yards,skewnorm,50,16,4140.81,3776.13,4134.97,4511.96,3731.0,False
QB,Josh Allen,passing_tds,poisson,50,16,30.92,24.0,31.0,38.0,28.0,True
QB,Josh Allen,passing_interceptions,poisson,50,16,15.49,10.9,15.0,21.0,6.0,False
QB,Josh Allen,rushing_yards,skewnorm,50,16,618.81,484.86,614.44,756.0,531.0,True
QB,Josh Allen,rushing_tds,poisson,50,16,10.29,6.0,10.0,15.0,12.0,True
QB,Justin Herbert,passing_yards,skewnorm,47,17,4473.65,4117.33,4483.58,4840.69,3870.0,False
QB,Justin Herbert,passing_tds,poisson,47,17,28.18,21.0,28.0,35.0,23.0,True
QB,Justin Herbert,passing_interceptions,poisson,47,17,10.58,6.0,10.0,15.0,3.0,False
QB,Justin Herbert,rushing_yards,skewnorm,47,17,253.58,185.91,260.4,346.63,306.0,True
QB,Justin Herbert,rushing_tds,poisson,47,17,2.56,1.0,2.0,5.0,2.0,True
QB,Jared Goff,passing_yards,skewnorm,48,17,4406.97,4097.99,4400.37,4714.38,4629.0,True
QB,Jared Goff,passing_tds,poisson,48,17,28.31,22.0,28.0,35.0,37.0,False
QB,Jared Goff,passing_interceptions,poisson,48,17,10.04,6.0,10.0,14.0,12.0,True
QB,Jared Goff,rushing_yards,skewnorm,48,17,53.53,41.98,66.7,94.62,56.0,True
QB,Jared Goff,rushing_tds,poisson,48,17,1.0,0.0,2.0,3.0,0.0,True
QB,Derek Carr,passing_yards,skewnorm,49,10,2410.16,2095.32,2407.55,2718.71,2145.0,True
QB,Derek Carr,passing_tds,poisson,49,10,14.86,10.0,15.0,20.0,15.0,True
QB,Derek Carr,passing_interceptions,poisson,49,10,6.8,4.0,7.0,10.0,5.0,True
QB,Derek Carr,rushing_yards,skewnorm,49,10,44.87,28.6,52.18,80.52,71.0,True
QB,Derek Carr,rushing_tds,poisson,49,10,0.0,0.0,1.0,2.0,1.0,True
QB,Dak Prescott,passing_yards,skewnorm,45,8,2079.49,1812.43,2071.71,2343.63,1978.0,True
QB,Dak Prescott,passing_tds,poisson,45,8,16.77,12.0,17.0,22.0,11.0,False
QB,Dak Prescott,passing_interceptions,poisson,45,8,6.12,3.0,6.0,9.0,8.0,True
QB,Dak Prescott,rushing_yards,skewnorm,45,8,107.94,68.79,106.84,150.93,54.0,False
QB,Dak Prescott,rushing_tds,poisson,45,8,0.77,0.0,1.0,2.0,1.0,True
QB,Trevor Lawrence,passing_yards,skewnorm,50,10,2409.18,2162.03,2404.92,2646.5,2045.0,False
QB,Trevor Lawrence,passing_tds,poisson,50,10,12.39,8.0,12.0,17.0,11.0,True
QB,Trevor Lawrence,passing_interceptions,nbinom,50,10,7.79,4.0,7.0,12.0,7.0,True
QB,Trevor Lawrence,rushing_yards,skewnorm,50,10,196.58,138.23,194.72,260.03,119.0,False
QB,Trevor Lawrence,rushing_tds,nbinom,50,10,2.37,0.0,2.0,5.0,3.0,True
QB,Joe Burrow,passing_yards,skewnorm,42,17,4368.89,3882.26,4353.94,4870.43,4918.0,False
QB,Joe Burrow,passing_tds,poisson,42,17,31.13,24.0,31.0,39.0,43.0,False
QB,Joe Burrow,passing_interceptions,nbinom,42,17,11.9,7.0,12.0,17.0,9.0,True
QB,Joe Burrow,rushing_yards,skewnorm,42,17,181.79,132.92,185.22,243.95,201.0,True
QB,Joe Burrow,rushing_tds,poisson,42,17,2.02,0.0,2.0,4.0,2.0,True
QB,Kirk Cousins,passing_yards,skewnorm,41,14,3901.68,3502.82,3908.38,4302.74,3508.0,True
QB,Kirk Cousins,passing_tds,poisson,41,14,28.69,22.0,29.0,36.0,18.0,False
QB,Kirk Cousins,passing_interceptions,nbinom,41,14,9.06,5.0,9.0,13.0,16.0,False
QB,Kirk Cousins,rushing_yards,skewnorm,41,14,65.96,48.88,82.1,120.93,0.0,False
QB,Kirk Cousins,rushing_tds,poisson,41,14,0.67,0.0,1.0,3.0,0.0,True
QB,Matthew Stafford,passing_yards,skewnorm,41,16,4147.45,3884.33,4155.32,4416.08,3762.0,False
QB,Matthew Stafford,passing_tds,poisson,41,16,25.85,20.0,26.0,32.0,20.0,True
QB,Matthew Stafford,passing_interceptions,poisson,41,16,13.33,9.0,13.0,18.0,8.0,False
QB,Matthew Stafford,rushing_yards,skewnorm,41,16,47.56,37.14,58.57,84.95,41.0,True
QB,Matthew Stafford,rushing_tds,poisson,41,16,0.53,0.0,1.0,3.0,0.0,True
RB,Derrick Henry,rushing_yards,skewnorm,41,17,1471.96,1238.63,1469.24,1714.46,1921.0,False
RB,Derrick Henry,rushing_tds,nbinom,41,17,14.39,10.0,14.0,20.0,16.0,True
RB,Derrick Henry,receptions,skewnorm,41,17,32.17,24.52,32.0,40.08,19.0,False
RB,Derrick Henry,receiving_yards,skewnorm,41,17,299.31,217.19,304.9,399.22,193.0,False
RB,Derrick Henry,receiving_tds,poisson,41,17,0.0,0.0,2.0,3.0,2.0,True
RB,Jonathan Taylor,rushing_yards,skewnorm,38,14,1145.73,930.55,1143.22,1370.85,1431.0,False
RB,Jonathan Taylor,rushing_tds,poisson,38,14,9.39,6.0,9.0,13.0,11.0,True
RB,Jonathan Taylor,receptions,skewnorm,38,14,30.58,22.37,30.49,39.13,18.0,False
RB,Jonathan Taylor,receiving_yards,skewnorm,38,14,220.99,154.88,226.68,307.87,136.0,False
RB,Jonathan Taylor,receiving_tds,poisson,38,14,1.03,0.0,1.0,3.0,1.0,True
RB,Josh Jacobs,rushing_yards,skewnorm,45,17,1219.9,1001.84,1216.19,1447.25,1329.0,True
RB,Josh Jacobs,rushing_tds,poisson,45,17,9.56,6.0,9.0,14.0,15.0,False
RB,Josh Jacobs,receptions,skewnorm,45,17,52.33,42.32,52.08,63.26,36.0,False
RB,Josh Jacobs,receiving_yards,skewnorm,45,17,392.42,311.35,390.63,480.84,342.0,True
RB,Josh Jacobs,receiving_tds,poisson,45,17,0.0,0.0,1.0,3.0,1.0,True
RB,Najee Harris,rushing_yards,skewnorm,51,17,1067.7,892.01,1063.89,1253.39,1043.0,True
RB,Najee Harris,rushing_tds,poisson,51,17,7.5,4.0,7.0,11.0,6.0,True
RB,Najee Harris,receptions,skewnorm,51,17,41.6,30.69,41.33,53.35,36.0,True
RB,Najee Harris,receiving_yards,skewnorm,51,17,247.1,178.22,250.56,330.48,283.0,True
RB,Najee Harris,receiving_tds,poisson,51,17,1.5,0.0,2.0,3.0,0.0,True
RB,Joe Mixon,rushing_yards,skewnorm,47,14,880.84,732.36,874.92,1035.05,1016.0,True
RB,Joe Mixon,rushing_tds,nbinom,47,14,8.08,5.0,8.0,12.0,11.0,True
RB,Joe Mixon,receptions,skewnorm,47,14,46.76,38.03,46.86,56.22,36.0,False
RB,Joe Mixon,receiving_yards,skewnorm,47,14,342.07,247.65,339.41,442.82,309.0,True
RB,Joe Mixon,receiving_tds,poisson,47,14,2.36,1.0,2.0,4.0,1.0,True
RB,Christian McCaffrey,rushing_yards,skewnorm,40,4,313.29,226.18,307.34,407.74,202.0,False
RB,Christian McCaffrey,rushing_tds,poisson,40,4,2.43,1.0,2.0,5.0,0.0,False
RB,Christian McCaffrey,receptions,skewnorm,40,4,18.6,12.82,18.52,24.68,15.0,True
RB,Christian McCaffrey,receiving_yards,skewnorm,40,4,162.01,98.6,158.09,232.03,146.0,True
RB,Christian McCaffrey,receiving_tds,poisson,40,4,1.34,0.0,1.0,3.0,0.0,True
RB,Nick Chubb,rushing_yards,skewnorm,33,8,699.18,580.75,702.42,822.21,332.0,False
RB,Nick Chubb,rushing_tds,nbinom,33,8,2.61,1.0,2.0,5.0,3.0,True
RB,Nick Chubb,receptions,skewnorm,33,8,14.1,9.83,13.97,18.63,5.0,False
RB,Nick Chubb,receiving_yards,skewnorm,33,8,95.63,57.48,95.91,140.46,31.0,False
RB,Nick Chubb,receiving_tds,poisson,33,8,0.26,0.0,1.0,2.0,1.0,True
RB,Saquon Barkley,rushing_yards,skewnorm,43,16,1089.28,914.02,1083.26,1270.99,2005.0,False
RB,Saquon Barkley,rushing_tds,poisson,43,16,6.92,4.0,7.0,10.0,13.0,False
RB,Saquon Barkley,receptions,skewnorm,43,16,50.62,42.02,50.74,59.79,33.0,False
RB,Saquon Barkley,receiving_yards,skewnorm,43,16,326.14,239.19,327.6,428.11,278.0,True
RB,Saquon Barkley,receiving_tds,poisson,43,16,2.78,1.0,3.0,5.0,2.0,True
RB,Tony Pollard,rushing_yards,skewnorm,48,16,928.43,773.76,923.47,1085.3,1079.0,True
RB,Tony Pollard,rushing_tds,nbinom,48,16,5.95,3.0,6.0,10.0,5.0,True
RB,Tony Pollard,receptions,skewnorm,48,16,45.9,36.24,45.58,55.48,41.0,True
RB,Tony Pollard,receiving_yards,skewnorm,48,16,329.55,239.48,331.87,430.46,238.0,False
RB,Tony Pollard,receiving_tds,poisson,48,16,0.9,0.0,1.0,3.0,0.0,True
RB,David Montgomery,rushing_yards,skewnorm,43,14,900.62,769.44,897.5,1038.71,775.0,True
RB,David Montgomery,rushing_tds,poisson,43,14,9.32,6.0,9.0,13.0,12.0,True
RB,David Montgomery,receptions,skewnorm,43,14,25.97,18.36,25.93,34.54,36.0,False
RB,David Montgomery,receiving_yards,skewnorm,43,14,206.28,142.61,209.11,287.53,341.0,False
RB,David Montgomery,receiving_tds,poisson,43,14,0.26,0.0,1.0,3.0,0.0,True
WR,Tyreek Hill,receptions,skewnorm,50,17,121.12,105.17,121.17,137.59,81.0,False
WR,Tyreek Hill,receiving_yards,skewnorm,50,17,1716.52,1419.99,1701.86,2017.01,959.0,False
WR,Tyreek Hill,receiving_tds,poisson,50,17,10.81,7.0,11.0,15.0,6.0,False
WR,Tyreek Hill,rushing_yards,skewnorm,50,17,36.77,33.84,55.37,82.98,53.0,True
WR,Justin Jefferson,receptions,skewnorm,44,17,117.8,102.61,118.03,133.24,103.0,True
WR,Justin Jefferson,receiving_yards,skewnorm,44,17,1778.8,1445.84,1762.61,2104.9,1533.0,True
WR,Justin Jefferson,receiving_tds,poisson,44,17,8.65,5.0,8.0,12.0,10.0,True
WR,Justin Jefferson,rushing_yards,skewnorm,44,17,-0.2,12.46,22.77,34.89,3.0,False
WR,Davante Adams,receptions,skewnorm,50,14,88.64,74.84,88.92,103.11,85.0,True
WR,Davante Adams,receiving_yards,skewnorm,50,14,1117.38,896.46,1114.13,1350.2,1063.0,True
WR,Davante Adams,receiving_tds,poisson,50,14,8.68,5.0,9.0,13.0,8.0,True
WR,Davante Adams,rushing_yards,skewnorm,50,14,-0.25,2.16,4.28,6.78,0.0,False
WR,CeeDee Lamb,receptions,skewnorm,50,15,102.69,87.83,102.46,117.01,101.0,True
WR,CeeDee Lamb,receiving_yards,skewnorm,50,15,1337.98,1125.08,1336.43,1556.9,1194.0,True
WR,CeeDee Lamb,receiving_tds,poisson,50,15,8.8,5.0,9.0,13.0,6.0,True
WR,CeeDee Lamb,rushing_yards,skewnorm,50,15,76.54,55.7,82.62,112.93,70.0,True
WR,Stefon Diggs,receptions,skewnorm,50,8,51.07,42.68,50.93,59.63,47.0,True
WR,Stefon Diggs,receiving_yards,skewnorm,50,8,608.0,483.1,601.44,731.13,496.0,True
WR,Stefon Diggs,receiving_tds,poisson,50,8,4.47,2.0,4.0,7.0,3.0,True
WR,Stefon Diggs,rushing_yards,skewnorm,50,8,0.73,1.05,2.61,4.72,8.0,False
WR,A.J. Brown,receptions,skewnorm,47,13,73.32,61.76,73.44,85.97,67.0,True
WR,A.J. Brown,receiving_yards,skewnorm,47,13,1073.71,859.43,1066.51,1296.64,1079.0,True
WR,A.J. Brown,receiving_tds,nbinom,47,13,6.2,3.0,6.0,10.0,7.0,True
WR,A.J. Brown,rushing_yards,skewnorm,47,13,2.0,2.17,4.25,6.95,0.0,False
WR,Ja'Marr Chase,receptions,skewnorm,45,17,106.3,91.57,105.83,121.67,127.0,False
WR,Ja'Marr Chase,receiving_yards,skewnorm,45,17,1381.55,1101.66,1370.16,1668.45,1708.0,False
WR,Ja'Marr Chase,receiving_tds,nbinom,45,17,10.14,6.0,10.0,14.0,17.0,False
WR,Ja'Marr Chase,rushing_yards,skewnorm,45,17,4.41,10.72,18.46,27.86,32.0,False
WR,Amon-Ra St. Brown,receptions,skewnorm,48,17,116.13,101.36,116.39,131.38,115.0,True
WR,Amon-Ra St. Brown,receiving_yards,skewnorm,48,17,1368.71,1179.89,1375.98,1561.25,1263.0,True
WR,Amon-Ra St. Brown,receiving_tds,poisson,48,17,8.29,5.0,8.0,12.0,12.0,True
WR,Amon-Ra St. Brown,rushing_yards,skewnorm,48,17,55.99,46.04,73.53,106.75,6.0,False
WR,Cooper Kupp,receptions,skewnorm,38,12,79.97,66.55,79.94,93.46,67.0,True
WR,Cooper Kupp,receiving_yards,skewnorm,38,12,968.17,809.36,987.16,1159.39,710.0,False
WR,Cooper Kupp,receiving_tds,poisson,38,12,7.16,4.0,7.0,11.0,6.0,True
WR,Cooper Kupp,rushing_yards,skewnorm,38,12,21.84,17.04,30.99,47.76,10.0,False
WR,Mike Evans,receptions,skewnorm,48,14,67.04,57.55,66.93,76.67,74.0,True
WR,Mike Evans,receiving_yards,skewnorm,48,14,1012.61,820.39,1008.92,1213.85,1004.0,True
WR,Mike Evans,receiving_tds,nbinom,48,14,9.48,6.0,9.0,14.0,11.0,True
WR,Mike Evans,rushing_yards,skewnorm,48,14,1.75,2.75,5.45,8.92,0.0,False
TE,Travis Kelce,receptions,skewnorm,48,16,99.06,87.73,98.6,110.8,97.0,True
TE,Travis Kelce,receiving_yards,skewnorm,48,16,1127.59,923.76,1125.54,1347.99,823.0,False
TE,Travis Kelce,receiving_tds,nbinom,48,16,7.85,4.0,8.0,12.0,3.0,False
TE,Mark Andrews,receptions,skewnorm,42,17,84.47,71.31,84.65,98.76,55.0,False
TE,Mark Andrews,receiving_yards,skewnorm,42,17,1022.58,853.61,1022.84,1199.97,673.0,False
TE,Mark Andrews,receiving_tds,nbinom,42,17,8.6,5.0,8.0,12.0,11.0,True
TE,George Kittle,receptions,skewnorm,45,15,63.68,51.41,63.27,76.41,78.0,False
TE,George Kittle,receiving_yards,skewnorm,45,15,902.62,703.55,900.46,1118.25,1106.0,True
TE,George Kittle,receiving_tds,nbinom,45,15,7.4,4.0,7.0,11.0,8.0,True
TE,T.J. Hockenson,receptions,skewnorm,44,10,57.01,45.7,56.7,68.53,41.0,False
TE,T.J. Hockenson,receiving_yards,skewnorm,44,10,578.46,449.81,575.09,711.36,455.0,True
TE,T.J. Hockenson,receiving_tds,nbinom,44,10,3.39,1.0,3.0,6.0,0.0,False
TE,Evan Engram,receptions,skewnorm,49,9,47.29,36.76,46.51,58.38,47.0,True
TE,Evan Engram,receiving_yards,skewnorm,49,9,425.53,311.33,421.71,551.1,365.0,True
TE,Evan Engram,receiving_tds,nbinom,49,9,2.05,0.0,2.0,4.0,1.0,True
TE,Dallas Goedert,receptions,skewnorm,41,10,42.29,34.32,42.33,50.42,42.0,True
TE,Dallas Goedert,receiving_yards,skewnorm,41,10,497.6,378.0,494.3,623.13,496.0,True
TE,Dallas Goedert,receiving_tds,poisson,41,10,2.35,1.0,2.0,4.0,2.0,True
TE,Kyle Pitts,receptions,skewnorm,44,17,54.38,45.54,54.35,64.13,47.0,True
TE,Kyle Pitts,receiving_yards,skewnorm,44,17,720.26,559.91,712.97,888.3,602.0,True
TE,Kyle Pitts,receiving_tds,poisson,44,17,2.72,1.0,2.0,5.0,4.0,True
TE,Dalton Schultz,receptions,skewnorm,47,17,68.41,55.97,68.42,81.66,53.0,False
TE,Dalton Schultz,receiving_yards,skewnorm,47,17,717.61,557.84,714.03,883.73,532.0,False
TE,Dalton Schultz,receiving_tds,nbinom,47,17,6.13,3.0,6.0,9.0,2.0,False
TE,David Njoku,receptions,skewnorm,45,11,46.8,37.02,46.58,56.87,64.0,False
TE,David Njoku,receiving_yards,skewnorm,45,11,520.88,390.24,517.34,662.45,505.0,True
TE,David Njoku,receiving_tds,poisson,45,11,3.59,1.0,3.0,6.0,5.0,True
TE,Cole Kmet,receptions,skewnorm,50,16,61.91,51.48,61.78,72.77,47.0,False
TE,Cole Kmet,receiving_yards,skewnorm,50,16,628.3,503.69,625.18,761.79,474.0,False
TE,Cole Kmet,receiving_tds,nbinom,50,16,4.98,2.0,5.0,9.0,4.0,True
